text,体育,科技,财经,教育,labels
城市中学生篮球联赛决赛在体育馆举行,1,0,0,0,体育
校园足球队通过冬训提升球员体能和配合能力,1,0,0,0,体育
马拉松爱好者参加周末长跑训练活动,1,0,0,0,体育
省级游泳比赛吸引多所学校运动员报名,1,0,0,0,体育
乒乓球协会组织青少年公开赛选拔优秀选手,1,0,0,0,体育
排球教练强调基本功训练和团队协作意识,1,0,0,0,体育
田径运动会设置短跑跳远和接力等多个项目,1,0,0,0,体育
羽毛球俱乐部开展社区公益教学活动,1,0,0,0,体育
健身房推出力量训练课程帮助会员改善体态,1,0,0,0,体育
校队在省运会足球项目中取得优异成绩,1,0,0,0,体育
人工智能模型在图像识别任务中取得新的准确率提升,0,1,0,0,科技
云计算平台升级后提升了企业数据处理效率,0,1,0,0,科技
机器人系统完成仓储分拣场景的自动化测试,0,1,0,0,科技
芯片设计团队发布低功耗处理器架构方案,0,1,0,0,科技
软件开发团队优化数据库查询速度提升系统性能,0,1,0,0,科技
智能语音助手增加多轮对话理解功能,0,1,0,0,科技
无人机视觉算法提高复杂环境下的目标检测能力,0,1,0,0,科技
网络安全团队发现新的恶意代码传播特征,0,1,0,0,科技
大数据平台支持实时日志分析和异常检测,0,1,0,0,科技
虚拟现实设备提升沉浸式交互体验,0,1,0,0,科技
股票市场今日小幅上涨投资者关注企业盈利预期,0,0,1,0,财经
银行推出小微企业信用贷款服务降低融资门槛,0,0,1,0,财经
基金公司调整资产配置以应对市场波动,0,0,1,0,财经
消费市场回暖带动零售企业营业收入增长,0,0,1,0,财经
保险机构发布年度理赔数据和风险管理报告,0,0,1,0,财经
地方政府出台政策支持中小企业稳定经营,0,0,1,0,财经
上市公司披露季度财报净利润保持增长,0,0,1,0,财经
外贸企业通过汇率风险管理降低经营压力,0,0,1,0,财经
新能源产业投资热度带动相关板块活跃,0,0,1,0,财经
商业银行加强数字支付场景的风险控制,0,0,1,0,财经
高校开展新生入学教育帮助学生适应大学生活,0,0,0,1,教育
中小学推进课堂教学改革提升学生综合素质,0,0,0,1,教育
职业学校加强实训课程建设培养应用型人才,0,0,0,1,教育
教师培训项目关注课堂管理和教学评价方法,0,0,0,1,教育
大学开设通识课程拓展学生知识结构,0,0,0,1,教育
学校组织读书活动提升学生阅读兴趣,0,0,0,1,教育
教育部门发布新学期课程管理要求,0,0,0,1,教育
高校辅导员开展就业指导帮助毕业生规划方向,0,0,0,1,教育
中学开展劳动教育课程培养学生实践能力,0,0,0,1,教育
家校合作活动促进学生心理健康发展,0,0,0,1,教育
体育赛事使用智能摄像系统实现自动回放和动作识别,1,1,0,0,体育;科技
运动手表通过算法识别跑步姿态并给出训练建议,1,1,0,0,体育;科技
国家队训练基地部署运动数据采集系统提升备战效率,1,1,0,0,体育;科技
体育科研团队利用机器视觉分析运动员技术动作,1,1,0,0,体育;科技
智能篮球设备记录投篮数据帮助运动员改进训练方法,1,1,0,0,体育;科技
足球俱乐部引入数据平台分析球员跑动距离,1,1,0,0,体育;科技
智能健身镜通过姿态识别纠正用户训练动作,1,1,0,0,体育;科技
马拉松赛事使用定位芯片统计选手配速变化,1,1,0,0,体育;科技
游泳队利用传感器监测运动员划水频率,1,1,0,0,体育;科技
体育场馆采用人脸识别系统提升入场效率,1,1,0,0,体育;科技
羽毛球训练软件根据击球轨迹生成技术报告,1,1,0,0,体育;科技
校园体测系统通过智能终端采集学生运动成绩,1,1,0,0,体育;科技
虚拟现实技术被用于足球守门员反应训练,1,1,0,0,体育;科技
篮球比赛数据系统实时展示球员投篮热区,1,1,0,0,体育;科技
跑步应用基于算法为用户生成周期训练计划,1,1,0,0,体育;科技
体育俱乐部商业赞助收入增长推动联赛市场价值提升,1,0,1,0,体育;财经
篮球赛事门票销售火爆带动周边消费增长,1,0,1,0,体育;财经
体育用品企业发布财报显示跑步装备销量提升,1,0,1,0,体育;财经
大型体育赛事带动城市旅游和消费市场升温,1,0,1,0,体育;财经
体育场馆运营公司推出会员服务提升营收能力,1,0,1,0,体育;财经
足球联赛转播权交易提高俱乐部商业收入,1,0,1,0,体育;财经
马拉松赛事吸引品牌赞助并拉动本地消费,1,0,1,0,体育;财经
健身行业会员付费规模扩大带动市场投资,1,0,1,0,体育;财经
体育培训机构暑期课程报名量增加收入上升,1,0,1,0,体育;财经
运动品牌推出新品后线上销售额明显增长,1,0,1,0,体育;财经
电竞赛事商业化运营吸引资本关注,1,0,1,0,体育;财经
职业球队票务改革改善主场经营状况,1,0,1,0,体育;财经
冰雪旅游消费升温带动运动装备销售,1,0,1,0,体育;财经
体育产业基金投资青少年培训项目,1,0,1,0,体育;财经
赛事经济推动酒店餐饮和交通消费增长,1,0,1,0,体育;财经
学校体育课加强体能训练促进学生健康成长,1,0,0,1,体育;教育
高校体育竞赛改革强调学生综合素质培养,1,0,0,1,体育;教育
运动康复课程进入职业教育培训体系,1,0,0,1,体育;教育
校园足球项目通过教练培训提升教学质量,1,0,0,1,体育;教育
中小学开设游泳课程增强学生安全意识,1,0,0,1,体育;教育
大学体育学院组织学生参加裁判员培训,1,0,0,1,体育;教育
体育教师研修班交流校园运动课程设计经验,1,0,0,1,体育;教育
高校运动队训练纳入学分管理促进学习发展,1,0,0,1,体育;教育
青少年体适能课程帮助学生养成锻炼习惯,1,0,0,1,体育;教育
学校举办田径运动会培养班级凝聚力,1,0,0,1,体育;教育
课后体育服务为学生提供篮球和羽毛球训练,1,0,0,1,体育;教育
职业院校建设运动康复实训基地,1,0,0,1,体育;教育
高校体育社团开展公益教学活动,1,0,0,1,体育;教育
教育部门推动学生每天参加一小时体育锻炼,1,0,0,1,体育;教育
校园体育文化节促进学生全面发展,1,0,0,1,体育;教育
新能源汽车企业发布自动驾驶技术并带动股价上涨,0,1,1,0,科技;财经
芯片公司研发投入增加推动科技板块市场活跃,0,1,1,0,科技;财经
人工智能创业公司完成融资用于大模型产品研发,0,1,1,0,科技;财经
云计算服务商发布财报显示企业客户数量持续增长,0,1,1,0,科技;财经
机器人企业扩大生产线满足工业自动化市场需求,0,1,1,0,科技;财经
数字经济政策推动软件企业获得更多市场机会,0,1,1,0,科技;财经
科技园区吸引多家初创企业入驻带动地方产业投资,0,1,1,0,科技;财经
半导体产业链企业加强合作应对市场需求变化,0,1,1,0,科技;财经
互联网平台推出智能营销工具帮助中小企业降低成本,0,1,1,0,科技;财经
金融机构使用人工智能模型提升风险控制能力,0,1,1,0,科技;财经
数据中心建设投资增加带动服务器企业订单增长,0,1,1,0,科技;财经
智能制造企业获得银行授信扩大生产规模,0,1,1,0,科技;财经
软件公司订阅收入增长推动利润改善,0,1,1,0,科技;财经
区块链技术应用于供应链金融提升交易透明度,0,1,1,0,科技;财经
科技企业上市融资用于研发新一代传感器,0,1,1,0,科技;财经
教育部门推动人工智能课程进入中小学课堂,0,1,0,1,科技;教育
高校开展机器人竞赛课程提升学生工程实践能力,0,1,0,1,科技;教育
学校组织学生参加科技创新比赛提升实践能力,0,1,0,1,科技;教育
高校建设人工智能实验平台支持本科教学,0,1,0,1,科技;教育
中小学引入编程课程培养学生计算思维,0,1,0,1,科技;教育
职业学校更新数字化教学设备提升实训质量,0,1,0,1,科技;教育
大学开设数据科学通识课程帮助学生理解智能技术,0,1,0,1,科技;教育
高校教师使用在线教学平台分析学生学习行为,0,1,0,1,科技;教育
实验室开放课程让学生体验无人机和机器人技术,0,1,0,1,科技;教育
学校开设网络安全社团培养学生实践兴趣,0,1,0,1,科技;教育
智慧教室系统支持课堂互动和学习数据记录,0,1,0,1,科技;教育
大学生参加人工智能训练营提升算法应用能力,0,1,0,1,科技;教育
虚拟仿真实验平台服务高校工程实践教学,0,1,0,1,科技;教育
教师使用智能备课工具优化课堂教学设计,0,1,0,1,科技;教育
中学信息技术课程加入机器学习基础内容,0,1,0,1,科技;教育
高校创新创业课程引入企业融资案例分析,0,0,1,1,财经;教育
职业院校开设跨境电商课程服务地方经济发展,0,0,1,1,财经;教育
学校开展金融知识讲座提升学生理财意识,0,0,1,1,财经;教育
财经类高校加强会计实践课程建设,0,0,1,1,财经;教育
大学就业指导课分析当前行业薪酬和岗位需求,0,0,1,1,财经;教育
职业教育培训机构推出财务管理证书课程,0,0,1,1,财经;教育
高校创业孵化项目获得社会资本支持,0,0,1,1,财经;教育
金融机构与学校合作开展反诈宣传教育,0,0,1,1,财经;教育
教育培训机构调整收费模式提升运营透明度,0,0,1,1,财经;教育
大学生创业课程讲解商业计划书和融资流程,0,0,1,1,财经;教育
财经专业学生参加模拟投资竞赛提升实践能力,0,0,1,1,财经;教育
学校邀请企业导师讲解市场营销和成本控制,0,0,1,1,财经;教育
高校财商教育课程帮助学生理解消费信贷风险,0,0,1,1,财经;教育
职业学校开展电子商务运营和结算实训,0,0,1,1,财经;教育
教育基金支持乡村学校改善教学条件,0,0,1,1,财经;教育
体育赛事直播平台采用大数据推荐提升观赛体验并增加付费用户,1,1,1,0,体育;科技;财经
职业联赛引入视频裁判系统带动相关技术公司收入增长,1,1,1,0,体育;科技;财经
大型马拉松赛事通过数字平台销售周边产品并进行线上报名,1,1,1,0,体育;科技;财经
运动手表企业依靠算法服务提升会员订阅收入,1,1,1,0,体育;科技;财经
体育场馆引入数字票务系统提升运营效率和门票收入,1,1,1,0,体育;科技;财经
线上健身平台使用推荐算法提高用户留存和付费转化,1,1,1,0,体育;科技;财经
智能运动装备企业获得融资扩展跑步训练市场,1,1,1,0,体育;科技;财经
赛事数据服务公司为俱乐部提供商业分析报告,1,1,1,0,体育;科技;财经
健身应用推出人工智能私教功能吸引付费用户,1,1,1,0,体育;科技;财经
城市体育消费平台接入数字支付提升交易便利性,1,1,1,0,体育;科技;财经
电竞赛事平台利用直播技术扩大广告收入,1,1,1,0,体育;科技;财经
运动品牌通过数据分析优化线上销售策略,1,1,1,0,体育;科技;财经
人工智能技术被引入高校体育训练课程用于分析学生运动姿态,1,1,0,1,体育;科技;教育
多所高校开设智能体育专业培养运动数据分析人才,1,1,0,1,体育;科技;教育
学校体育课开始使用可穿戴设备监测学生心率和运动强度,1,1,0,1,体育;科技;教育
高校运动队使用数据分析系统制定训练计划,1,1,0,1,体育;科技;教育
校园运动会使用电子计时系统提高比赛组织效率,1,1,0,1,体育;科技;教育
体育科研团队利用机器视觉分析学生运动表现,1,1,0,1,体育;科技;教育
高校体育学院建设运动大数据实验室服务教学改革,1,1,0,1,体育;科技;教育
智能体测系统帮助教师评估学生运动能力,1,1,0,1,体育;科技;教育
虚拟现实训练课程进入高校体育教学场景,1,1,0,1,体育;科技;教育
中小学使用智能跳绳设备记录学生锻炼情况,1,1,0,1,体育;科技;教育
运动技能教学平台根据学生动作数据生成反馈,1,1,0,1,体育;科技;教育
学校开展智能体育课堂试点提升教学效率,1,1,0,1,体育;科技;教育
高校开设运动数据分析课程培养复合型人才,1,1,0,1,体育;科技;教育
足球俱乐部引入资本合作改善青训体系建设,1,0,1,1,体育;财经;教育
青少年体育培训市场持续增长吸引多家机构布局,1,0,1,1,体育;财经;教育
体育场馆运营公司推出学生会员课程提升营收能力,1,0,1,1,体育;财经;教育
校园足球项目获得社会资金支持用于教练培训,1,0,1,1,体育;财经;教育
体育教育机构扩大校外培训业务并优化收费体系,1,0,1,1,体育;财经;教育
地方体育基金支持学校建设青少年训练基地,1,0,1,1,体育;财经;教育
篮球培训机构推出升学指导课程带动报名增长,1,0,1,1,体育;财经;教育
体育用品企业赞助校园联赛提升品牌和教育影响,1,0,1,1,体育;财经;教育
大学体育赛事获得企业赞助用于学生竞赛培养,1,0,1,1,体育;财经;教育
青少年游泳培训机构通过课程套餐提高收入,1,0,1,1,体育;财经;教育
学校体育社团获得社会捐赠改善训练条件,1,0,1,1,体育;财经;教育
运动康复培训项目吸引职业院校和企业共同投资,1,0,1,1,体育;财经;教育
人工智能企业发布面向教育行业的智能批改系统并获得订单增长,0,1,1,1,科技;财经;教育
多家教育科技公司加大在线课堂平台研发投入,0,1,1,1,科技;财经;教育
高校人工智能专业招生规模扩大带动相关教材市场增长,0,1,1,1,科技;财经;教育
在线教育平台利用知识图谱为学生推荐个性化学习路径,0,1,1,1,科技;财经;教育
科技公司与学校合作建设智慧教室推动教育数字化转型,0,1,1,1,科技;财经;教育
编程教育企业推出青少年人工智能课程并获得新一轮融资,0,1,1,1,科技;财经;教育
高校实验室孵化的教育软件公司开始商业化运营,0,1,1,1,科技;财经;教育
数字教材平台通过云计算技术降低学校教学资源成本,0,1,1,1,科技;财经;教育
高校金融科技课程受到学生关注并加入实践项目,0,1,1,1,科技;财经;教育
财经类高校建设大数据金融实验室服务教学改革,0,1,1,1,科技;财经;教育
金融专业学生通过数据分析平台学习量化投资方法,0,1,1,1,科技;财经;教育
在线职业教育平台推出财务分析和数字技术融合课程,0,1,1,1,科技;财经;教育
企业与高校共建产业学院培养金融科技复合人才,0,1,1,1,科技;财经;教育
体育培训机构上线智能评测系统辅助青少年训练并拓展付费课程,1,1,1,1,体育;科技;财经;教育
智能跑步机企业与高校实验室合作开展运动健康研究并获得投资,1,1,1,1,体育;科技;财经;教育
体育教育机构获得融资用于建设线上训练课程平台,1,1,1,1,体育;科技;财经;教育
智能篮球设备记录投篮数据帮助学生改进训练方法并带动销售,1,1,1,1,体育;科技;财经;教育
线上健身课程平台采用推荐算法提高学生用户留存率和付费率,1,1,1,1,体育;科技;财经;教育
智能硬件企业与体育培训机构合作开发儿童运动课程,1,1,1,1,体育;科技;财经;教育
体育用品品牌赞助大学生机器人竞赛提升市场影响力,1,1,1,1,体育;科技;财经;教育
教育科技企业赞助校园马拉松推广在线学习产品,1,1,1,1,体育;科技;财经;教育
高校创业团队开发智能健身教学平台并获得投资,1,1,1,1,体育;科技;财经;教育
学校采购智能运动设备用于体育教学改革并带动企业订单,1,1,1,1,体育;科技;财经;教育
高校体育学院联合科技企业建设运动康复产业课程,1,1,1,1,体育;科技;财经;教育
智慧体育课堂平台通过会员服务支持学校课后训练,1,1,1,1,体育;科技;财经;教育
运动数据分析创业团队服务高校体育课程并完成融资,1,1,1,1,体育;科技;财经;教育
校园健身应用结合课程评价和商业会员模式扩大用户规模,1,1,1,1,体育;科技;财经;教育
体育教育平台利用人工智能推荐训练计划并推出付费课程,1,1,1,1,体育;科技;财经;教育
高校创新团队研发智能跳绳系统服务校园体育教学并进入市场,1,1,1,1,体育;科技;财经;教育
青少年体能培训机构采购智能设备提升教学质量和经营收入,1,1,1,1,体育;科技;财经;教育
学校与企业共建智慧运动实验室培养体育科技人才,1,1,1,1,体育;科技;财经;教育
体育赛事教育平台通过直播技术开展付费训练营,1,1,1,1,体育;科技;财经;教育
大学生创业公司推出智能运动教学软件并获得赛事赞助,1,1,1,1,体育;科技;财经;教育
