text,体育,科技,财经,教育,labels
人工智能技术被引入高校体育训练课程用于分析学生运动姿态,1,1,0,1,体育;科技;教育
多所高校开设智能体育专业培养运动数据分析人才,1,1,0,1,体育;科技;教育
体育赛事直播平台采用大数据推荐提升观赛体验,1,1,1,0,体育;科技;财经
职业联赛引入视频裁判系统带动相关技术公司收入增长,1,1,1,0,体育;科技;财经
学校体育课开始使用可穿戴设备监测学生心率和运动强度,1,1,0,1,体育;科技;教育
体育培训机构上线智能评测系统辅助青少年训练,1,1,1,1,体育;科技;财经;教育
智能跑步机企业与高校实验室合作开展运动健康研究,1,1,1,1,体育;科技;财经;教育
大型马拉松赛事通过数字平台销售周边产品并进行线上报名,1,1,1,0,体育;科技;财经
高校运动队使用数据分析系统制定训练计划,1,1,0,1,体育;科技;教育
体育教育机构获得融资用于建设线上训练课程平台,1,1,1,1,体育;科技;财经;教育
人工智能企业发布面向教育行业的智能批改系统,0,1,1,1,科技;财经;教育
多家教育科技公司加大在线课堂平台研发投入,0,1,1,1,科技;财经;教育
高校人工智能专业招生规模扩大带动相关教材市场增长,0,1,1,1,科技;财经;教育
在线教育平台利用知识图谱为学生推荐个性化学习路径,0,1,1,1,科技;财经;教育
科技公司与学校合作建设智慧教室推动教育数字化转型,0,1,1,1,科技;财经;教育
编程教育企业推出青少年人工智能课程并获得新一轮融资,0,1,1,1,科技;财经;教育
高校实验室孵化的教育软件公司开始商业化运营,0,1,1,1,科技;财经;教育
数字教材平台通过云计算技术降低学校教学资源成本,0,1,1,1,科技;财经;教育
教育部门推动人工智能课程进入中小学课堂,0,1,0,1,科技;教育
高校开展机器人竞赛课程提升学生工程实践能力,0,1,0,1,科技;教育
新能源汽车企业发布自动驾驶技术并带动股价上涨,0,1,1,0,科技;财经
芯片公司研发投入增加推动科技板块市场活跃,0,1,1,0,科技;财经
人工智能创业公司完成融资用于大模型产品研发,0,1,1,0,科技;财经
云计算服务商发布财报显示企业客户数量持续增长,0,1,1,0,科技;财经
机器人企业扩大生产线满足工业自动化市场需求,0,1,1,0,科技;财经
数字经济政策推动软件企业获得更多市场机会,0,1,1,0,科技;财经
科技园区吸引多家初创企业入驻带动地方产业投资,0,1,1,0,科技;财经
半导体产业链企业加强合作应对市场需求变化,0,1,1,0,科技;财经
互联网平台推出智能营销工具帮助中小企业降低成本,0,1,1,0,科技;财经
金融机构使用人工智能模型提升风险控制能力,0,1,1,0,科技;财经
体育俱乐部商业赞助收入增长推动联赛市场价值提升,1,0,1,0,体育;财经
篮球赛事门票销售火爆带动周边消费增长,1,0,1,0,体育;财经
足球俱乐部引入资本合作改善青训体系建设,1,0,1,1,体育;财经;教育
体育用品企业发布财报显示跑步装备销量提升,1,0,1,0,体育;财经
大型体育赛事带动城市旅游和消费市场升温,1,0,1,0,体育;财经
青少年体育培训市场持续增长吸引多家机构布局,1,0,1,1,体育;财经;教育
体育场馆运营公司推出会员课程提升营收能力,1,0,1,1,体育;财经;教育
校园足球项目获得社会资金支持用于教练培训,1,0,1,1,体育;财经;教育
运动康复课程进入职业教育培训体系,1,0,0,1,体育;教育
高校体育竞赛改革强调学生综合素质培养,1,0,0,1,体育;教育
高校金融科技课程受到学生关注并加入实践项目,0,1,1,1,科技;财经;教育
财经类高校建设大数据金融实验室服务教学改革,0,1,1,1,科技;财经;教育
金融专业学生通过数据分析平台学习量化投资方法,0,1,1,1,科技;财经;教育
在线职业教育平台推出财务分析和数字技术融合课程,0,1,1,1,科技;财经;教育
高校创新创业课程引入企业融资案例分析,0,0,1,1,财经;教育
大学生创业团队获得投资用于开发校园服务软件,0,1,1,1,科技;财经;教育
职业院校开设跨境电商课程服务地方经济发展,0,0,1,1,财经;教育
高校就业指导课程加入数字经济岗位分析内容,0,1,1,1,科技;财经;教育
财经教育机构推出智能题库系统提升备考效率,0,1,1,1,科技;财经;教育
企业与高校共建产业学院培养金融科技复合人才,0,1,1,1,科技;财经;教育
学校组织学生参加科技创新比赛提升实践能力,0,1,0,1,科技;教育
高校建设人工智能实验平台支持本科教学,0,1,0,1,科技;教育
中小学引入编程课程培养学生计算思维,0,1,0,1,科技;教育
职业学校更新数字化教学设备提升实训质量,0,1,0,1,科技;教育
大学开设数据科学通识课程帮助学生理解智能技术,0,1,0,1,科技;教育
教育平台上线智能答疑机器人服务学生课后学习,0,1,1,1,科技;财经;教育
高校教师使用在线教学平台分析学生学习行为,0,1,0,1,科技;教育
智慧校园系统通过数据平台提升教学管理效率,0,1,1,1,科技;财经;教育
实验室开放课程让学生体验无人机和机器人技术,0,1,0,1,科技;教育
高校与科技企业合作开发实训课程,0,1,1,1,科技;财经;教育
体育赛事使用智能摄像系统实现自动回放和动作识别,1,1,0,0,体育;科技
运动手表通过算法识别跑步姿态并给出训练建议,1,1,1,0,体育;科技;财经
健身应用推出人工智能私教功能吸引付费用户,1,1,1,0,体育;科技;财经
国家队训练基地部署运动数据采集系统提升备战效率,1,1,0,0,体育;科技
校园运动会使用电子计时系统提高比赛组织效率,1,1,0,1,体育;科技;教育
体育科研团队利用机器视觉分析运动员技术动作,1,1,0,1,体育;科技;教育
智能篮球设备记录投篮数据帮助学生改进训练方法,1,1,1,1,体育;科技;财经;教育
体育场馆引入数字票务系统提升运营效率,1,1,1,0,体育;科技;财经
线上健身课程平台采用推荐算法提高用户留存率,1,1,1,1,体育;科技;财经;教育
高校体育学院建设运动大数据实验室,1,1,0,1,体育;科技;教育
财经媒体关注人工智能企业在教育市场的商业模式,0,1,1,1,科技;财经;教育
教育机构使用数据分析评估课程销售和学生满意度,0,1,1,1,科技;财经;教育
金融科技公司推出校园支付解决方案服务高校管理,0,1,1,1,科技;财经;教育
高校科技成果转化带动地方产业投资增长,0,1,1,1,科技;财经;教育
智能硬件企业与体育培训机构合作开发儿童运动课程,1,1,1,1,体育;科技;财经;教育
体育用品品牌赞助大学生机器人竞赛提升市场影响力,1,1,1,1,体育;科技;财经;教育
教育科技企业赞助校园马拉松推广在线学习产品,1,1,1,1,体育;科技;财经;教育
高校创业团队开发智能健身教学平台并获得投资,1,1,1,1,体育;科技;财经;教育
城市体育消费平台接入数字人民币支付提升交易便利性,1,1,1,0,体育;科技;财经
学校采购智能运动设备用于体育教学改革,1,1,1,1,体育;科技;财经;教育